date,expiration,strike,right,bid,ask,volume,open_interest,underlying
2026-09-16,2026-09-23,5.0,C,4.69,20.13,0,17,16.97
2026-09-16,2026-09-23,5.5,C,5.04,18.78,1,83,16.97
2026-09-16,2026-09-23,6.0,C,5.3,17.52,0,6,16.97
2026-09-16,2026-09-23,6.5,C,5.48,16.34,0,0,16.97
2026-09-16,2026-09-23,7.0,C,5.59,15.23,0,0,16.97
2026-09-16,2026-09-23,7.5,C,5.65,14.17,0,0,16.97
2026-09-16,2026-09-23,8.0,C,5.65,13.17,4,0,16.97
2026-09-16,2026-09-23,8.5,C,5.6,12.21,10,39,16.97
2026-09-16,2026-09-23,9.0,C,5.52,11.3,32,151,16.97
2026-09-16,2026-09-23,9.5,C,5.39,10.43,49,158,16.97
2026-09-16,2026-09-23,10.0,C,5.23,9.59,71,311,16.97
2026-09-16,2026-09-23,10.5,C,5.04,8.78,97,273,16.97
2026-09-16,2026-09-23,11.0,C,4.81,8.01,143,492,16.97
2026-09-16,2026-09-23,11.5,C,4.56,7.26,228,701,16.97
2026-09-16,2026-09-23,12.0,C,4.28,6.54,272,857,16.97
2026-09-16,2026-09-23,12.5,C,3.98,5.84,352,1088,16.97
2026-09-16,2026-09-23,13.0,C,3.66,5.17,385,1116,16.97
2026-09-16,2026-09-23,13.5,C,3.33,4.53,446,1423,16.97
2026-09-16,2026-09-23,14.0,C,2.98,3.91,551,1673,16.97
2026-09-16,2026-09-23,14.5,C,2.63,3.34,592,1872,16.97
2026-09-16,2026-09-23,15.0,C,2.27,2.8,592,1746,16.97
2026-09-16,2026-09-23,15.5,C,1.93,2.31,654,2073,16.97
2026-09-16,2026-09-23,16.0,C,1.61,1.87,675,2123,16.97
2026-09-16,2026-09-23,16.5,C,1.32,1.48,723,2241,16.97
2026-09-16,2026-09-23,17.0,C,1.05,1.16,752,2325,16.97
2026-09-16,2026-09-23,17.5,C,0.79,0.92,674,2049,16.97
2026-09-16,2026-09-23,18.0,C,0.58,0.71,703,2170,16.97
2026-09-16,2026-09-23,18.5,C,0.42,0.54,638,2062,16.97
2026-09-16,2026-09-23,19.0,C,0.29,0.4,575,1816,16.97
2026-09-16,2026-09-23,19.5,C,0.2,0.29,633,1991,16.97
2026-09-16,2026-09-23,20.0,C,0.14,0.21,484,1542,16.97
2026-09-16,2026-09-23,20.5,C,0.09,0.15,495,1559,16.97
2026-09-16,2026-09-23,21.0,C,0.06,0.1,503,1676,16.97
2026-09-16,2026-09-23,21.5,C,0.04,0.07,468,1373,16.97
2026-09-16,2026-09-23,22.0,C,0.02,0.05,423,1207,16.97
2026-09-16,2026-09-23,22.5,C,0.01,0.04,393,1146,16.97
2026-09-16,2026-09-23,23.0,C,0.0,0.03,339,1094,16.97
2026-09-16,2026-09-23,23.5,C,0.0,0.02,277,898,16.97
2026-09-16,2026-09-23,24.0,C,0.0,0.02,259,732,16.97
2026-09-16,2026-09-23,24.5,C,0.0,0.02,216,754,16.97
2026-09-16,2026-09-23,25.0,C,0.0,0.02,195,577,16.97
2026-09-16,2026-09-23,25.5,C,0.0,0.02,187,658,16.97
2026-09-16,2026-09-23,26.0,C,0.0,0.02,145,493,16.97
2026-09-16,2026-09-23,26.5,C,0.0,0.02,145,381,16.97
2026-09-16,2026-09-23,27.0,C,0.0,0.02,106,309,16.97
2026-09-16,2026-09-23,27.5,C,0.0,0.02,87,283,16.97
2026-09-16,2026-09-23,28.0,C,0.0,0.02,100,314,16.97
2026-09-16,2026-09-23,28.5,C,0.0,0.02,88,289,16.97
2026-09-16,2026-09-23,29.0,C,0.0,0.02,75,232,16.97
2026-09-16,2026-09-23,29.5,C,0.0,0.02,61,171,16.97
2026-09-16,2026-09-23,30.0,C,0.0,0.02,64,186,16.97
2026-09-16,2026-09-23,30.5,C,0.0,0.02,56,92,16.97
2026-09-16,2026-09-23,31.0,C,0.0,0.02,43,162,16.97
2026-09-16,2026-09-23,31.5,C,0.0,0.02,32,26,16.97
2026-09-16,2026-09-23,32.0,C,0.0,0.02,23,37,16.97
2026-09-16,2026-09-23,32.5,C,0.0,0.02,17,0,16.97
2026-09-16,2026-09-23,33.0,C,0.0,0.02,17,72,16.97
2026-09-16,2026-09-23,33.5,C,0.0,0.02,16,162,16.97
2026-09-16,2026-09-23,34.0,C,0.0,0.02,11,0,16.97
2026-09-16,2026-09-23,34.5,C,0.0,0.02,13,0,16.97
2026-09-16,2026-09-23,35.0,C,0.0,0.02,12,9,16.97
2026-09-16,2026-09-23,5.0,P,0.0,0.02,1,0,16.97
2026-09-16,2026-09-23,5.5,P,0.0,0.02,1,32,16.97
2026-09-16,2026-09-23,6.0,P,0.0,0.02,0,0,16.97
2026-09-16,2026-09-23,6.5,P,0.0,0.01,1,0,16.97
2026-09-16,2026-09-23,7.0,P,0.0,0.01,0,16,16.97
2026-09-16,2026-09-23,7.5,P,0.0,0.01,0,0,16.97
2026-09-16,2026-09-23,8.0,P,0.0,0.02,3,63,16.97
2026-09-16,2026-09-23,8.5,P,0.0,0.02,15,51,16.97
2026-09-16,2026-09-23,9.0,P,0.0,0.02,28,208,16.97
2026-09-16,2026-09-23,9.5,P,0.0,0.02,43,177,16.97
2026-09-16,2026-09-23,10.0,P,0.0,0.02,76,212,16.97
2026-09-16,2026-09-23,10.5,P,0.0,0.02,107,407,16.97
2026-09-16,2026-09-23,11.0,P,0.0,0.02,170,528,16.97
2026-09-16,2026-09-23,11.5,P,0.0,0.02,208,649,16.97
2026-09-16,2026-09-23,12.0,P,0.0,0.02,261,864,16.97
2026-09-16,2026-09-23,12.5,P,0.0,0.02,318,1041,16.97
2026-09-16,2026-09-23,13.0,P,0.0,0.02,388,1361,16.97
2026-09-16,2026-09-23,13.5,P,0.0,0.03,446,1398,16.97
2026-09-16,2026-09-23,14.0,P,0.02,0.05,538,1644,16.97
2026-09-16,2026-09-23,14.5,P,0.06,0.09,590,1741,16.97
2026-09-16,2026-09-23,15.0,P,0.11,0.15,587,1904,16.97
2026-09-16,2026-09-23,15.5,P,0.19,0.24,707,2311,16.97
2026-09-16,2026-09-23,16.0,P,0.3,0.36,693,2154,16.97
2026-09-16,2026-09-23,16.5,P,0.46,0.52,639,2017,16.97
2026-09-16,2026-09-23,17.0,P,0.66,0.73,706,2229,16.97
2026-09-16,2026-09-23,17.5,P,0.87,1.01,628,1953,16.97
2026-09-16,2026-09-23,18.0,P,1.12,1.36,672,2111,16.97
2026-09-16,2026-09-23,18.5,P,1.38,1.76,662,2045,16.97
2026-09-16,2026-09-23,19.0,P,1.66,2.22,651,2133,16.97
2026-09-16,2026-09-23,19.5,P,1.95,2.72,595,1917,16.97
2026-09-16,2026-09-23,20.0,P,2.25,3.28,540,1732,16.97
2026-09-16,2026-09-23,20.5,P,2.54,3.88,507,1654,16.97
2026-09-16,2026-09-23,21.0,P,2.83,4.51,460,1486,16.97
2026-09-16,2026-09-23,21.5,P,3.12,5.17,431,1363,16.97
2026-09-16,2026-09-23,22.0,P,3.39,5.86,423,1318,16.97
2026-09-16,2026-09-23,22.5,P,3.65,6.58,374,1082,16.97
2026-09-16,2026-09-23,23.0,P,3.89,7.32,348,1036,16.97
2026-09-16,2026-09-23,23.5,P,4.12,8.08,281,943,16.97
2026-09-16,2026-09-23,24.0,P,4.34,8.85,272,853,16.97
2026-09-16,2026-09-23,24.5,P,4.54,9.65,230,686,16.97
2026-09-16,2026-09-23,25.0,P,4.73,10.46,207,657,16.97
2026-09-16,2026-09-23,25.5,P,4.9,11.28,195,611,16.97
2026-09-16,2026-09-23,26.0,P,5.06,12.12,152,512,16.97
2026-09-16,2026-09-23,26.5,P,5.21,12.98,158,417,16.97
2026-09-16,2026-09-23,27.0,P,5.34,13.84,135,267,16.97
2026-09-16,2026-09-23,27.5,P,5.46,14.73,97,297,16.97
2026-09-16,2026-09-23,28.0,P,5.56,15.62,83,240,16.97
2026-09-16,2026-09-23,28.5,P,5.66,16.52,71,229,16.97
2026-09-16,2026-09-23,29.0,P,5.74,17.44,68,311,16.97
2026-09-16,2026-09-23,29.5,P,5.81,18.37,65,257,16.97
2026-09-16,2026-09-23,30.0,P,5.87,19.31,43,190,16.97
2026-09-16,2026-09-23,30.5,P,5.92,20.27,37,129,16.97
2026-09-16,2026-09-23,31.0,P,5.95,21.23,32,89,16.97
2026-09-16,2026-09-23,31.5,P,5.98,22.21,29,37,16.97
2026-09-16,2026-09-23,32.0,P,5.99,23.19,21,69,16.97
2026-09-16,2026-09-23,32.5,P,5.99,24.19,23,90,16.97
2026-09-16,2026-09-23,33.0,P,5.99,25.19,20,75,16.97
2026-09-16,2026-09-23,33.5,P,5.97,26.21,13,0,16.97
2026-09-16,2026-09-23,34.0,P,5.95,27.24,21,103,16.97
2026-09-16,2026-09-23,34.5,P,5.91,28.27,12,27,16.97
2026-09-16,2026-09-23,35.0,P,5.87,29.32,7,0,16.97
2026-09-16,2026-09-30,5.0,C,4.61,21.02,1,0,16.97
2026-09-16,2026-09-30,5.5,C,5.0,19.63,0,0,16.97
2026-09-16,2026-09-30,6.0,C,5.3,18.33,0,0,16.97
2026-09-16,2026-09-30,6.5,C,5.52,17.11,0,48,16.97
2026-09-16,2026-09-30,7.0,C,5.66,15.97,0,80,16.97
2026-09-16,2026-09-30,7.5,C,5.75,14.88,0,152,16.97
2026-09-16,2026-09-30,8.0,C,5.78,13.85,0,10,16.97
2026-09-16,2026-09-30,8.5,C,5.76,12.87,8,7,16.97
2026-09-16,2026-09-30,9.0,C,5.69,11.94,18,92,16.97
2026-09-16,2026-09-30,9.5,C,5.59,11.04,29,37,16.97
2026-09-16,2026-09-30,10.0,C,5.45,10.18,44,135,16.97
2026-09-16,2026-09-30,10.5,C,5.27,9.36,71,246,16.97
2026-09-16,2026-09-30,11.0,C,5.07,8.57,89,223,16.97
2026-09-16,2026-09-30,11.5,C,4.84,7.8,123,392,16.97
2026-09-16,2026-09-30,12.0,C,4.58,7.07,179,502,16.97
2026-09-16,2026-09-30,12.5,C,4.3,6.38,217,661,16.97
2026-09-16,2026-09-30,13.0,C,4.01,5.71,227,654,16.97
2026-09-16,2026-09-30,13.5,C,3.7,5.08,298,914,16.97
2026-09-16,2026-09-30,14.0,C,3.38,4.48,311,978,16.97
2026-09-16,2026-09-30,14.5,C,3.07,3.92,338,1066,16.97
2026-09-16,2026-09-30,15.0,C,2.75,3.4,389,1221,16.97
2026-09-16,2026-09-30,15.5,C,2.44,2.93,434,1332,16.97
2026-09-16,2026-09-30,16.0,C,2.15,2.5,399,1226,16.97
2026-09-16,2026-09-30,16.5,C,1.87,2.11,397,1233,16.97
2026-09-16,2026-09-30,17.0,C,1.61,1.77,424,1331,16.97
2026-09-16,2026-09-30,17.5,C,1.32,1.53,417,1335,16.97
2026-09-16,2026-09-30,18.0,C,1.07,1.31,425,1353,16.97
2026-09-16,2026-09-30,18.5,C,0.86,1.1,373,1174,16.97
2026-09-16,2026-09-30,19.0,C,0.68,0.92,430,1447,16.97
2026-09-16,2026-09-30,19.5,C,0.54,0.77,376,1210,16.97
2026-09-16,2026-09-30,20.0,C,0.42,0.63,320,1050,16.97
2026-09-16,2026-09-30,20.5,C,0.33,0.52,347,993,16.97
2026-09-16,2026-09-30,21.0,C,0.25,0.42,283,860,16.97
2026-09-16,2026-09-30,21.5,C,0.19,0.34,305,922,16.97
2026-09-16,2026-09-30,22.0,C,0.15,0.27,249,827,16.97
2026-09-16,2026-09-30,22.5,C,0.11,0.21,238,717,16.97
2026-09-16,2026-09-30,23.0,C,0.08,0.17,194,626,16.97
2026-09-16,2026-09-30,23.5,C,0.06,0.13,191,590,16.97
2026-09-16,2026-09-30,24.0,C,0.04,0.1,162,574,16.97
2026-09-16,2026-09-30,24.5,C,0.03,0.08,134,490,16.97
2026-09-16,2026-09-30,25.0,C,0.02,0.06,120,384,16.97
2026-09-16,2026-09-30,25.5,C,0.01,0.05,112,327,16.97
2026-09-16,2026-09-30,26.0,C,0.01,0.04,95,242,16.97
2026-09-16,2026-09-30,26.5,C,0.0,0.03,86,311,16.97
2026-09-16,2026-09-30,27.0,C,0.0,0.03,61,225,16.97
2026-09-16,2026-09-30,27.5,C,0.0,0.02,68,170,16.97
2026-09-16,2026-09-30,28.0,C,0.0,0.02,59,163,16.97
2026-09-16,2026-09-30,28.5,C,0.0,0.02,50,143,16.97
2026-09-16,2026-09-30,29.0,C,0.0,0.02,47,263,16.97
2026-09-16,2026-09-30,29.5,C,0.0,0.02,22,51,16.97
2026-09-16,2026-09-30,30.0,C,0.0,0.02,25,59,16.97
2026-09-16,2026-09-30,30.5,C,0.0,0.02,31,43,16.97
2026-09-16,2026-09-30,31.0,C,0.0,0.02,30,3,16.97
2026-09-16,2026-09-30,31.5,C,0.0,0.02,14,8,16.97
2026-09-16,2026-09-30,32.0,C,0.0,0.02,15,90,16.97
2026-09-16,2026-09-30,32.5,C,0.0,0.02,18,51,16.97
2026-09-16,2026-09-30,33.0,C,0.0,0.02,10,63,16.97
2026-09-16,2026-09-30,33.5,C,0.0,0.02,12,6,16.97
2026-09-16,2026-09-30,34.0,C,0.0,0.02,8,0,16.97
2026-09-16,2026-09-30,34.5,C,0.0,0.02,6,42,16.97
2026-09-16,2026-09-30,35.0,C,0.0,0.02,6,52,16.97
2026-09-16,2026-09-30,35.5,C,0.0,0.02,4,0,16.97
2026-09-16,2026-09-30,36.0,C,0.0,0.02,0,0,16.97
2026-09-16,2026-09-30,36.5,C,0.0,0.02,0,0,16.97
2026-09-16,2026-09-30,37.0,C,0.0,0.02,1,59,16.97
2026-09-16,2026-09-30,5.0,P,0.0,0.02,1,15,16.97
2026-09-16,2026-09-30,5.5,P,0.0,0.02,0,10,16.97
2026-09-16,2026-09-30,6.0,P,0.0,0.02,1,0,16.97
2026-09-16,2026-09-30,6.5,P,0.0,0.02,1,83,16.97
2026-09-16,2026-09-30,7.0,P,0.0,0.02,0,0,16.97
2026-09-16,2026-09-30,7.5,P,0.0,0.02,0,95,16.97
2026-09-16,2026-09-30,8.0,P,0.0,0.02,1,62,16.97
2026-09-16,2026-09-30,8.5,P,0.0,0.02,13,0,16.97
2026-09-16,2026-09-30,9.0,P,0.0,0.02,15,41,16.97
2026-09-16,2026-09-30,9.5,P,0.0,0.02,27,124,16.97
2026-09-16,2026-09-30,10.0,P,0.0,0.02,54,103,16.97
2026-09-16,2026-09-30,10.5,P,0.0,0.02,65,240,16.97
2026-09-16,2026-09-30,11.0,P,0.0,0.02,93,405,16.97
2026-09-16,2026-09-30,11.5,P,0.0,0.02,127,307,16.97
2026-09-16,2026-09-30,12.0,P,0.0,0.03,151,528,16.97
2026-09-16,2026-09-30,12.5,P,0.01,0.04,200,663,16.97
2026-09-16,2026-09-30,13.0,P,0.03,0.06,255,745,16.97
2026-09-16,2026-09-30,13.5,P,0.06,0.09,289,888,16.97
2026-09-16,2026-09-30,14.0,P,0.1,0.14,316,996,16.97
2026-09-16,2026-09-30,14.5,P,0.15,0.2,314,994,16.97
2026-09-16,2026-09-30,15.0,P,0.23,0.29,367,1117,16.97
2026-09-16,2026-09-30,15.5,P,0.33,0.41,416,1230,16.97
2026-09-16,2026-09-30,16.0,P,0.47,0.55,389,1238,16.97
2026-09-16,2026-09-30,16.5,P,0.63,0.72,401,1284,16.97
2026-09-16,2026-09-30,17.0,P,0.83,0.92,445,1303,16.97
2026-09-16,2026-09-30,17.5,P,1.02,1.19,400,1252,16.97
2026-09-16,2026-09-30,18.0,P,1.23,1.51,420,1396,16.97
2026-09-16,2026-09-30,18.5,P,1.46,1.87,411,1274,16.97
2026-09-16,2026-09-30,19.0,P,1.7,2.28,385,1140,16.97
2026-09-16,2026-09-30,19.5,P,1.94,2.74,380,1152,16.97
2026-09-16,2026-09-30,20.0,P,2.19,3.23,341,1059,16.97
2026-09-16,2026-09-30,20.5,P,2.44,3.77,315,1014,16.97
2026-09-16,2026-09-30,21.0,P,2.69,4.35,306,945,16.97
2026-09-16,2026-09-30,21.5,P,2.94,4.96,251,630,16.97
2026-09-16,2026-09-30,22.0,P,3.18,5.6,267,859,16.97
2026-09-16,2026-09-30,22.5,P,3.42,6.28,231,846,16.97
2026-09-16,2026-09-30,23.0,P,3.64,6.98,214,762,16.97
2026-09-16,2026-09-30,23.5,P,3.85,7.71,170,559,16.97
2026-09-16,2026-09-30,24.0,P,4.05,8.46,155,462,16.97
2026-09-16,2026-09-30,24.5,P,4.24,9.24,121,398,16.97
2026-09-16,2026-09-30,25.0,P,4.42,10.03,108,357,16.97
2026-09-16,2026-09-30,25.5,P,4.59,10.85,116,486,16.97
2026-09-16,2026-09-30,26.0,P,4.74,11.68,92,242,16.97
2026-09-16,2026-09-30,26.5,P,4.88,12.53,64,218,16.97
2026-09-16,2026-09-30,27.0,P,5.0,13.4,78,184,16.97
2026-09-16,2026-09-30,27.5,P,5.11,14.28,74,274,16.97
2026-09-16,2026-09-30,28.0,P,5.21,15.17,60,182,16.97
2026-09-16,2026-09-30,28.5,P,5.3,16.08,45,172,16.97
2026-09-16,2026-09-30,29.0,P,5.38,17.0,33,62,16.97
2026-09-16,2026-09-30,29.5,P,5.44,17.94,36,69,16.97
2026-09-16,2026-09-30,30.0,P,5.49,18.89,36,128,16.97
2026-09-16,2026-09-30,30.5,P,5.53,19.85,24,81,16.97
2026-09-16,2026-09-30,31.0,P,5.56,20.82,26,62,16.97
2026-09-16,2026-09-30,31.5,P,5.57,21.8,16,161,16.97
2026-09-16,2026-09-30,32.0,P,5.58,22.79,20,45,16.97
2026-09-16,2026-09-30,32.5,P,5.57,23.8,21,202,16.97
2026-09-16,2026-09-30,33.0,P,5.56,24.81,8,42,16.97
2026-09-16,2026-09-30,33.5,P,5.53,25.84,6,0,16.97
2026-09-16,2026-09-30,34.0,P,5.5,26.87,16,91,16.97
2026-09-16,2026-09-30,34.5,P,5.45,27.92,6,25,16.97
2026-09-16,2026-09-30,35.0,P,5.39,28.98,7,0,16.97
2026-09-16,2026-09-30,35.5,P,5.33,30.04,6,52,16.97
2026-09-16,2026-09-30,36.0,P,5.25,31.12,0,0,16.97
2026-09-16,2026-09-30,36.5,P,5.17,32.2,0,13,16.97
2026-09-16,2026-09-30,37.0,P,5.08,33.29,1,152,16.97
2026-09-16,2026-10-16,5.0,C,4.51,22.76,2,25,16.97
2026-09-16,2026-10-16,5.5,C,4.98,21.29,0,0,16.97
2026-09-16,2026-10-16,6.0,C,5.35,19.92,0,19,16.97
2026-09-16,2026-10-16,6.5,C,5.64,18.63,0,46,16.97
2026-09-16,2026-10-16,7.0,C,5.84,17.43,0,0,16.97
2026-09-16,2026-10-16,7.5,C,5.98,16.29,1,0,16.97
2026-09-16,2026-10-16,8.0,C,6.06,15.21,0,0,16.97
2026-09-16,2026-10-16,8.5,C,6.09,14.18,2,0,16.97
2026-09-16,2026-10-16,9.0,C,6.07,13.2,7,19,16.97
2026-09-16,2026-10-16,9.5,C,6.01,12.27,17,22,16.97
2026-09-16,2026-10-16,10.0,C,5.91,11.37,38,136,16.97
2026-09-16,2026-10-16,10.5,C,5.77,10.52,44,72,16.97
2026-09-16,2026-10-16,11.0,C,5.61,9.71,48,224,16.97
2026-09-16,2026-10-16,11.5,C,5.41,8.93,79,247,16.97
2026-09-16,2026-10-16,12.0,C,5.2,8.19,100,328,16.97
2026-09-16,2026-10-16,12.5,C,4.96,7.49,132,463,16.97
2026-09-16,2026-10-16,13.0,C,4.71,6.82,145,497,16.97
2026-09-16,2026-10-16,13.5,C,4.45,6.19,159,498,16.97
2026-09-16,2026-10-16,14.0,C,4.18,5.6,205,667,16.97
2026-09-16,2026-10-16,14.5,C,3.91,5.05,224,695,16.97
2026-09-16,2026-10-16,15.0,C,3.63,4.53,201,672,16.97
2026-09-16,2026-10-16,15.5,C,3.36,4.06,223,652,16.97
2026-09-16,2026-10-16,16.0,C,3.1,3.62,229,749,16.97
2026-09-16,2026-10-16,16.5,C,2.84,3.21,236,708,16.97
2026-09-16,2026-10-16,17.0,C,2.58,2.85,271,744,16.97
2026-09-16,2026-10-16,17.5,C,2.24,2.62,234,677,16.97
2026-09-16,2026-10-16,18.0,C,1.94,2.39,259,733,16.97
2026-09-16,2026-10-16,18.5,C,1.68,2.17,232,745,16.97
2026-09-16,2026-10-16,19.0,C,1.44,1.97,238,747,16.97
2026-09-16,2026-10-16,19.5,C,1.24,1.77,199,548,16.97
2026-09-16,2026-10-16,20.0,C,1.06,1.59,200,607,16.97
2026-09-16,2026-10-16,20.5,C,0.9,1.43,214,649,16.97
2026-09-16,2026-10-16,21.0,C,0.77,1.27,176,667,16.97
2026-09-16,2026-10-16,21.5,C,0.65,1.13,184,520,16.97
2026-09-16,2026-10-16,22.0,C,0.55,1.0,151,486,16.97
2026-09-16,2026-10-16,22.5,C,0.46,0.89,116,326,16.97
2026-09-16,2026-10-16,23.0,C,0.39,0.78,121,403,16.97
2026-09-16,2026-10-16,23.5,C,0.32,0.69,106,485,16.97
2026-09-16,2026-10-16,24.0,C,0.27,0.6,104,314,16.97
2026-09-16,2026-10-16,24.5,C,0.23,0.53,80,250,16.97
2026-09-16,2026-10-16,25.0,C,0.19,0.46,72,249,16.97
2026-09-16,2026-10-16,25.5,C,0.16,0.4,61,274,16.97
2026-09-16,2026-10-16,26.0,C,0.13,0.35,57,137,16.97
2026-09-16,2026-10-16,26.5,C,0.11,0.3,49,152,16.97
2026-09-16,2026-10-16,27.0,C,0.09,0.26,44,158,16.97
2026-09-16,2026-10-16,27.5,C,0.07,0.23,46,152,16.97
2026-09-16,2026-10-16,28.0,C,0.06,0.2,42,80,16.97
2026-09-16,2026-10-16,28.5,C,0.05,0.17,34,57,16.97
2026-09-16,2026-10-16,29.0,C,0.04,0.15,24,106,16.97
2026-09-16,2026-10-16,29.5,C,0.03,0.13,25,91,16.97
2026-09-16,2026-10-16,30.0,C,0.02,0.11,21,121,16.97
2026-09-16,2026-10-16,30.5,C,0.02,0.09,11,85,16.97
2026-09-16,2026-10-16,31.0,C,0.01,0.08,20,8,16.97
2026-09-16,2026-10-16,31.5,C,0.01,0.07,13,26,16.97
2026-09-16,2026-10-16,32.0,C,0.01,0.06,10,0,16.97
2026-09-16,2026-10-16,32.5,C,0.01,0.05,6,36,16.97
2026-09-16,2026-10-16,33.0,C,0.0,0.05,10,0,16.97
2026-09-16,2026-10-16,33.5,C,0.0,0.04,11,0,16.97
2026-09-16,2026-10-16,34.0,C,0.0,0.04,6,109,16.97
2026-09-16,2026-10-16,34.5,C,0.0,0.03,0,60,16.97
2026-09-16,2026-10-16,35.0,C,0.0,0.03,0,0,16.97
2026-09-16,2026-10-16,35.5,C,0.0,0.03,0,16,16.97
2026-09-16,2026-10-16,36.0,C,0.0,0.03,0,46,16.97
2026-09-16,2026-10-16,36.5,C,0.0,0.03,0,37,16.97
2026-09-16,2026-10-16,37.0,C,0.0,0.03,0,13,16.97
2026-09-16,2026-10-16,37.5,C,0.0,0.03,1,89,16.97
2026-09-16,2026-10-16,38.0,C,0.0,0.03,1,56,16.97
2026-09-16,2026-10-16,38.5,C,0.0,0.02,0,32,16.97
2026-09-16,2026-10-16,39.0,C,0.0,0.02,0,53,16.97
2026-09-16,2026-10-16,39.5,C,0.0,0.02,1,6,16.97
2026-09-16,2026-10-16,40.0,C,0.0,0.02,1,0,16.97
2026-09-16,2026-10-16,40.5,C,0.0,0.02,0,0,16.97
2026-09-16,2026-10-16,5.0,P,0.0,0.02,0,0,16.97
2026-09-16,2026-10-16,5.5,P,0.0,0.02,0,6,16.97
2026-09-16,2026-10-16,6.0,P,0.0,0.02,1,55,16.97
2026-09-16,2026-10-16,6.5,P,0.0,0.02,1,110,16.97
2026-09-16,2026-10-16,7.0,P,0.0,0.02,0,44,16.97
2026-09-16,2026-10-16,7.5,P,0.0,0.02,0,0,16.97
2026-09-16,2026-10-16,8.0,P,0.0,0.02,1,0,16.97
2026-09-16,2026-10-16,8.5,P,0.0,0.02,6,111,16.97
2026-09-16,2026-10-16,9.0,P,0.0,0.02,8,69,16.97
2026-09-16,2026-10-16,9.5,P,0.0,0.02,17,26,16.97
2026-09-16,2026-10-16,10.0,P,0.0,0.02,25,0,16.97
2026-09-16,2026-10-16,10.5,P,0.0,0.03,46,66,16.97
2026-09-16,2026-10-16,11.0,P,0.01,0.04,56,219,16.97
2026-09-16,2026-10-16,11.5,P,0.02,0.05,71,190,16.97
2026-09-16,2026-10-16,12.0,P,0.04,0.08,121,413,16.97
2026-09-16,2026-10-16,12.5,P,0.07,0.11,111,453,16.97
2026-09-16,2026-10-16,13.0,P,0.1,0.16,153,477,16.97
2026-09-16,2026-10-16,13.5,P,0.15,0.22,169,571,16.97
2026-09-16,2026-10-16,14.0,P,0.22,0.3,228,619,16.97
2026-09-16,2026-10-16,14.5,P,0.3,0.39,191,668,16.97
2026-09-16,2026-10-16,15.0,P,0.4,0.5,247,761,16.97
2026-09-16,2026-10-16,15.5,P,0.52,0.63,238,779,16.97
2026-09-16,2026-10-16,16.0,P,0.66,0.78,239,778,16.97
2026-09-16,2026-10-16,16.5,P,0.83,0.95,272,859,16.97
2026-09-16,2026-10-16,17.0,P,1.03,1.14,290,926,16.97
2026-09-16,2026-10-16,17.5,P,1.19,1.4,252,891,16.97
2026-09-16,2026-10-16,18.0,P,1.37,1.69,223,704,16.97
2026-09-16,2026-10-16,18.5,P,1.56,2.02,236,780,16.97
2026-09-16,2026-10-16,19.0,P,1.75,2.39,222,681,16.97
2026-09-16,2026-10-16,19.5,P,1.95,2.79,215,747,16.97
2026-09-16,2026-10-16,20.0,P,2.15,3.23,194,572,16.97
2026-09-16,2026-10-16,20.5,P,2.35,3.71,163,564,16.97
2026-09-16,2026-10-16,21.0,P,2.55,4.21,166,577,16.97
2026-09-16,2026-10-16,21.5,P,2.75,4.76,193,538,16.97
2026-09-16,2026-10-16,22.0,P,2.95,5.33,138,505,16.97
2026-09-16,2026-10-16,22.5,P,3.14,5.94,118,320,16.97
2026-09-16,2026-10-16,23.0,P,3.32,6.58,97,448,16.97
2026-09-16,2026-10-16,23.5,P,3.5,7.24,121,393,16.97
2026-09-16,2026-10-16,24.0,P,3.67,7.94,102,297,16.97
2026-09-16,2026-10-16,24.5,P,3.82,8.66,102,382,16.97
2026-09-16,2026-10-16,25.0,P,3.97,9.4,75,218,16.97
2026-09-16,2026-10-16,25.5,P,4.11,10.17,77,212,16.97
2026-09-16,2026-10-16,26.0,P,4.24,10.97,60,52,16.97
2026-09-16,2026-10-16,26.5,P,4.36,11.78,55,92,16.97
2026-09-16,2026-10-16,27.0,P,4.47,12.61,36,178,16.97
2026-09-16,2026-10-16,27.5,P,4.56,13.47,47,143,16.97
2026-09-16,2026-10-16,28.0,P,4.65,14.34,32,127,16.97
2026-09-16,2026-10-16,28.5,P,4.72,15.23,20,3,16.97
2026-09-16,2026-10-16,29.0,P,4.78,16.14,17,152,16.97
2026-09-16,2026-10-16,29.5,P,4.83,17.06,18,52,16.97
2026-09-16,2026-10-16,30.0,P,4.87,18.0,17,137,16.97
2026-09-16,2026-10-16,30.5,P,4.89,18.95,17,21,16.97
2026-09-16,2026-10-16,31.0,P,4.91,19.92,9,88,16.97
2026-09-16,2026-10-16,31.5,P,4.91,20.9,6,7,16.97
2026-09-16,2026-10-16,32.0,P,4.9,21.9,11,112,16.97
2026-09-16,2026-10-16,32.5,P,4.88,22.91,7,41,16.97
2026-09-16,2026-10-16,33.0,P,4.86,23.93,7,0,16.97
2026-09-16,2026-10-16,33.5,P,4.82,24.96,5,35,16.97
2026-09-16,2026-10-16,34.0,P,4.77,26.0,6,53,16.97
2026-09-16,2026-10-16,34.5,P,4.7,27.06,1,8,16.97
2026-09-16,2026-10-16,35.0,P,4.63,28.12,0,97,16.97
2026-09-16,2026-10-16,35.5,P,4.55,29.2,1,53,16.97
2026-09-16,2026-10-16,36.0,P,4.46,30.29,0,66,16.97
2026-09-16,2026-10-16,36.5,P,4.36,31.38,0,0,16.97
2026-09-16,2026-10-16,37.0,P,4.25,32.49,0,17,16.97
2026-09-16,2026-10-16,37.5,P,4.13,33.61,0,1,16.97
2026-09-16,2026-10-16,38.0,P,4.01,34.73,0,43,16.97
2026-09-16,2026-10-16,38.5,P,3.87,35.87,2,0,16.97
2026-09-16,2026-10-16,39.0,P,3.72,37.01,0,23,16.97
2026-09-16,2026-10-16,39.5,P,3.57,38.17,0,0,16.97
2026-09-16,2026-10-16,40.0,P,3.41,39.33,2,30,16.97
2026-09-16,2026-10-16,40.5,P,3.23,40.5,1,0,16.97
2026-09-16,2026-11-15,5.0,C,4.35,25.32,0,102,16.97
2026-09-16,2026-11-15,6.0,C,5.41,22.25,0,20,16.97
2026-09-16,2026-11-15,7.0,C,6.09,19.58,0,34,16.97
2026-09-16,2026-11-15,8.0,C,6.46,17.21,0,0,16.97
2026-09-16,2026-11-15,9.0,C,6.61,15.08,11,71,16.97
2026-09-16,2026-11-15,10.0,C,6.57,13.16,10,0,16.97
2026-09-16,2026-11-15,11.0,C,6.39,11.43,34,223,16.97
2026-09-16,2026-11-15,12.0,C,6.09,9.86,54,226,16.97
2026-09-16,2026-11-15,13.0,C,5.72,8.46,98,254,16.97
2026-09-16,2026-11-15,14.0,C,5.29,7.21,110,305,16.97
2026-09-16,2026-11-15,15.0,C,4.83,6.11,123,427,16.97
2026-09-16,2026-11-15,16.0,C,4.36,5.14,155,480,16.97
2026-09-16,2026-11-15,17.0,C,3.89,4.32,153,427,16.97
2026-09-16,2026-11-15,18.0,C,3.14,3.9,139,401,16.97
2026-09-16,2026-11-15,19.0,C,2.52,3.49,132,329,16.97
2026-09-16,2026-11-15,20.0,C,2.01,3.09,104,472,16.97
2026-09-16,2026-11-15,21.0,C,1.59,2.71,92,236,16.97
2026-09-16,2026-11-15,22.0,C,1.26,2.36,95,270,16.97
2026-09-16,2026-11-15,23.0,C,0.99,2.05,77,402,16.97
2026-09-16,2026-11-15,24.0,C,0.77,1.77,68,303,16.97
2026-09-16,2026-11-15,25.0,C,0.6,1.51,50,133,16.97
2026-09-16,2026-11-15,26.0,C,0.46,1.29,35,95,16.97
2026-09-16,2026-11-15,27.0,C,0.36,1.1,22,95,16.97
2026-09-16,2026-11-15,28.0,C,0.27,0.93,25,69,16.97
2026-09-16,2026-11-15,29.0,C,0.21,0.79,13,35,16.97
2026-09-16,2026-11-15,30.0,C,0.16,0.67,11,57,16.97
2026-09-16,2026-11-15,31.0,C,0.12,0.56,12,36,16.97
2026-09-16,2026-11-15,32.0,C,0.09,0.47,9,28,16.97
2026-09-16,2026-11-15,33.0,C,0.06,0.4,0,0,16.97
2026-09-16,2026-11-15,34.0,C,0.05,0.33,1,78,16.97
2026-09-16,2026-11-15,35.0,C,0.03,0.28,1,48,16.97
2026-09-16,2026-11-15,36.0,C,0.02,0.23,0,0,16.97
2026-09-16,2026-11-15,37.0,C,0.01,0.2,0,0,16.97
2026-09-16,2026-11-15,38.0,C,0.01,0.16,0,0,16.97
2026-09-16,2026-11-15,39.0,C,0.0,0.14,0,80,16.97
2026-09-16,2026-11-15,40.0,C,0.0,0.12,0,0,16.97
2026-09-16,2026-11-15,41.0,C,0.0,0.1,0,0,16.97
2026-09-16,2026-11-15,42.0,C,0.0,0.08,1,21,16.97
2026-09-16,2026-11-15,43.0,C,0.0,0.07,0,0,16.97
2026-09-16,2026-11-15,44.0,C,0.0,0.06,1,0,16.97
2026-09-16,2026-11-15,45.0,C,0.0,0.05,1,0,16.97
2026-09-16,2026-11-15,5.0,P,0.0,0.02,0,0,16.97
2026-09-16,2026-11-15,6.0,P,0.0,0.02,1,0,16.97
2026-09-16,2026-11-15,7.0,P,0.0,0.02,0,37,16.97
2026-09-16,2026-11-15,8.0,P,0.0,0.02,1,0,16.97
2026-09-16,2026-11-15,9.0,P,0.0,0.03,8,23,16.97
2026-09-16,2026-11-15,10.0,P,0.02,0.05,10,0,16.97
2026-09-16,2026-11-15,11.0,P,0.05,0.1,32,174,16.97
2026-09-16,2026-11-15,12.0,P,0.11,0.18,55,95,16.97
2026-09-16,2026-11-15,13.0,P,0.2,0.31,78,335,16.97
2026-09-16,2026-11-15,14.0,P,0.35,0.49,122,432,16.97
2026-09-16,2026-11-15,15.0,P,0.56,0.72,131,311,16.97
2026-09-16,2026-11-15,16.0,P,0.84,1.0,158,525,16.97
2026-09-16,2026-11-15,17.0,P,1.2,1.34,166,610,16.97
2026-09-16,2026-11-15,18.0,P,1.5,1.87,159,511,16.97
2026-09-16,2026-11-15,19.0,P,1.82,2.52,132,431,16.97
2026-09-16,2026-11-15,20.0,P,2.14,3.29,130,294,16.97
2026-09-16,2026-11-15,21.0,P,2.46,4.18,100,254,16.97
2026-09-16,2026-11-15,22.0,P,2.77,5.19,92,307,16.97
2026-09-16,2026-11-15,23.0,P,3.06,6.31,65,196,16.97
2026-09-16,2026-11-15,24.0,P,3.32,7.55,45,120,16.97
2026-09-16,2026-11-15,25.0,P,3.56,8.89,49,253,16.97
2026-09-16,2026-11-15,26.0,P,3.76,10.34,26,10,16.97
2026-09-16,2026-11-15,27.0,P,3.92,11.88,24,36,16.97
2026-09-16,2026-11-15,28.0,P,4.04,13.5,17,0,16.97
2026-09-16,2026-11-15,29.0,P,4.12,15.21,13,0,16.97
2026-09-16,2026-11-15,30.0,P,4.16,17.0,9,0,16.97
2026-09-16,2026-11-15,31.0,P,4.16,18.86,6,114,16.97
2026-09-16,2026-11-15,32.0,P,4.11,20.79,4,0,16.97
2026-09-16,2026-11-15,33.0,P,4.02,22.78,0,49,16.97
2026-09-16,2026-11-15,34.0,P,3.89,24.83,1,134,16.97
2026-09-16,2026-11-15,35.0,P,3.72,26.93,0,0,16.97
2026-09-16,2026-11-15,36.0,P,3.5,29.09,0,0,16.97
2026-09-16,2026-11-15,37.0,P,3.25,31.3,1,0,16.97
2026-09-16,2026-11-15,38.0,P,2.96,33.55,0,0,16.97
2026-09-16,2026-11-15,39.0,P,2.63,35.85,0,0,16.97
2026-09-16,2026-11-15,40.0,P,2.26,38.19,0,13,16.97
2026-09-16,2026-11-15,41.0,P,1.86,40.57,1,0,16.97
2026-09-16,2026-11-15,42.0,P,1.43,42.99,0,7,16.97
2026-09-16,2026-11-15,43.0,P,0.96,45.45,0,100,16.97
2026-09-16,2026-11-15,44.0,P,0.45,47.94,0,16,16.97
2026-09-16,2026-11-15,45.0,P,0.0,50.46,0,0,16.97
2026-09-16,2026-12-15,5.0,C,4.15,27.24,2,0,16.97
2026-09-16,2026-12-15,6.0,C,5.38,24.01,0,0,16.97
2026-09-16,2026-12-15,7.0,C,6.2,21.19,0,12,16.97
2026-09-16,2026-12-15,8.0,C,6.7,18.71,1,0,16.97
2026-09-16,2026-12-15,9.0,C,6.96,16.49,0,0,16.97
2026-09-16,2026-12-15,10.0,C,7.02,14.5,9,46,16.97
2026-09-16,2026-12-15,11.0,C,6.93,12.7,32,170,16.97
2026-09-16,2026-12-15,12.0,C,6.72,11.1,50,69,16.97
2026-09-16,2026-12-15,13.0,C,6.43,9.65,56,184,16.97
2026-09-16,2026-12-15,14.0,C,6.07,8.37,77,175,16.97
2026-09-16,2026-12-15,15.0,C,5.67,7.23,115,306,16.97
2026-09-16,2026-12-15,16.0,C,5.26,6.23,93,317,16.97
2026-09-16,2026-12-15,17.0,C,4.82,5.36,113,432,16.97
2026-09-16,2026-12-15,18.0,C,3.99,5.0,129,326,16.97
2026-09-16,2026-12-15,19.0,C,3.29,4.61,110,388,16.97
2026-09-16,2026-12-15,20.0,C,2.71,4.23,111,298,16.97
2026-09-16,2026-12-15,21.0,C,2.22,3.85,85,338,16.97
2026-09-16,2026-12-15,22.0,C,1.81,3.49,59,104,16.97
2026-09-16,2026-12-15,23.0,C,1.47,3.15,51,269,16.97
2026-09-16,2026-12-15,24.0,C,1.19,2.82,46,98,16.97
2026-09-16,2026-12-15,25.0,C,0.96,2.53,31,116,16.97
2026-09-16,2026-12-15,26.0,C,0.77,2.25,27,139,16.97
2026-09-16,2026-12-15,27.0,C,0.62,2.0,30,29,16.97
2026-09-16,2026-12-15,28.0,C,0.49,1.77,13,0,16.97
2026-09-16,2026-12-15,29.0,C,0.39,1.57,15,0,16.97
2026-09-16,2026-12-15,30.0,C,0.31,1.39,15,90,16.97
2026-09-16,2026-12-15,31.0,C,0.24,1.22,9,49,16.97
2026-09-16,2026-12-15,32.0,C,0.19,1.08,0,0,16.97
2026-09-16,2026-12-15,33.0,C,0.14,0.95,0,67,16.97
2026-09-16,2026-12-15,34.0,C,0.11,0.83,0,30,16.97
2026-09-16,2026-12-15,35.0,C,0.08,0.73,1,107,16.97
2026-09-16,2026-12-15,36.0,C,0.06,0.64,1,0,16.97
2026-09-16,2026-12-15,37.0,C,0.04,0.56,2,135,16.97
2026-09-16,2026-12-15,38.0,C,0.03,0.49,0,21,16.97
2026-09-16,2026-12-15,39.0,C,0.02,0.43,0,18,16.97
2026-09-16,2026-12-15,40.0,C,0.01,0.38,0,0,16.97
2026-09-16,2026-12-15,41.0,C,0.0,0.33,0,88,16.97
2026-09-16,2026-12-15,42.0,C,0.0,0.29,0,0,16.97
2026-09-16,2026-12-15,43.0,C,0.0,0.26,2,72,16.97
2026-09-16,2026-12-15,44.0,C,0.0,0.23,2,0,16.97
2026-09-16,2026-12-15,45.0,C,0.0,0.2,1,123,16.97
2026-09-16,2026-12-15,46.0,C,0.0,0.17,1,22,16.97
2026-09-16,2026-12-15,47.0,C,0.0,0.15,2,131,16.97
2026-09-16,2026-12-15,48.0,C,0.0,0.13,0,109,16.97
2026-09-16,2026-12-15,5.0,P,0.0,0.02,0,0,16.97
2026-09-16,2026-12-15,6.0,P,0.0,0.02,1,14,16.97
2026-09-16,2026-12-15,7.0,P,0.0,0.02,1,39,16.97
2026-09-16,2026-12-15,8.0,P,0.0,0.03,0,0,16.97
2026-09-16,2026-12-15,9.0,P,0.01,0.04,0,0,16.97
2026-09-16,2026-12-15,10.0,P,0.04,0.09,17,18,16.97
2026-09-16,2026-12-15,11.0,P,0.08,0.16,27,135,16.97
2026-09-16,2026-12-15,12.0,P,0.16,0.27,44,114,16.97
2026-09-16,2026-12-15,13.0,P,0.27,0.42,59,102,16.97
2026-09-16,2026-12-15,14.0,P,0.44,0.61,79,250,16.97
2026-09-16,2026-12-15,15.0,P,0.66,0.85,100,390,16.97
2026-09-16,2026-12-15,16.0,P,0.95,1.14,115,426,16.97
2026-09-16,2026-12-15,17.0,P,1.32,1.47,131,421,16.97
2026-09-16,2026-12-15,18.0,P,1.59,2.0,103,184,16.97
2026-09-16,2026-12-15,19.0,P,1.88,2.64,114,303,16.97
2026-09-16,2026-12-15,20.0,P,2.16,3.38,89,385,16.97
2026-09-16,2026-12-15,21.0,P,2.44,4.24,75,307,16.97
2026-09-16,2026-12-15,22.0,P,2.7,5.21,67,216,16.97
2026-09-16,2026-12-15,23.0,P,2.95,6.28,69,238,16.97
2026-09-16,2026-12-15,24.0,P,3.16,7.46,40,60,16.97
2026-09-16,2026-12-15,25.0,P,3.35,8.75,43,177,16.97
2026-09-16,2026-12-15,26.0,P,3.5,10.13,41,94,16.97
2026-09-16,2026-12-15,27.0,P,3.62,11.61,14,1,16.97
2026-09-16,2026-12-15,28.0,P,3.7,13.18,9,0,16.97
2026-09-16,2026-12-15,29.0,P,3.74,14.83,9,43,16.97
2026-09-16,2026-12-15,30.0,P,3.74,16.57,8,0,16.97
2026-09-16,2026-12-15,31.0,P,3.7,18.38,2,68,16.97
2026-09-16,2026-12-15,32.0,P,3.61,20.26,0,61,16.97
2026-09-16,2026-12-15,33.0,P,3.49,22.22,1,54,16.97
2026-09-16,2026-12-15,34.0,P,3.32,24.23,1,16,16.97
2026-09-16,2026-12-15,35.0,P,3.11,26.31,0,0,16.97
2026-09-16,2026-12-15,36.0,P,2.86,28.45,1,0,16.97
2026-09-16,2026-12-15,37.0,P,2.57,30.64,0,56,16.97
2026-09-16,2026-12-15,38.0,P,2.24,32.89,1,0,16.97
2026-09-16,2026-12-15,39.0,P,1.88,35.19,0,0,16.97
2026-09-16,2026-12-15,40.0,P,1.47,37.53,1,0,16.97
2026-09-16,2026-12-15,41.0,P,1.03,39.92,0,61,16.97
2026-09-16,2026-12-15,42.0,P,0.55,42.35,0,0,16.97
2026-09-16,2026-12-15,43.0,P,0.04,44.82,0,0,16.97
2026-09-16,2026-12-15,44.0,P,0.0,47.33,0,0,16.97
2026-09-16,2026-12-15,45.0,P,0.0,49.88,0,27,16.97
2026-09-16,2026-12-15,46.0,P,0.0,52.47,0,18,16.97
2026-09-16,2026-12-15,47.0,P,0.0,55.09,0,41,16.97
2026-09-16,2026-12-15,48.0,P,0.0,57.75,0,0,16.97
2026-09-16,2027-02-13,5.0,C,3.66,29.87,0,75,16.97
2026-09-16,2027-02-13,6.0,C,5.15,26.38,1,0,16.97
2026-09-16,2027-02-13,7.0,C,6.18,23.36,0,31,16.97
2026-09-16,2027-02-13,8.0,C,6.87,20.72,1,0,16.97
2026-09-16,2027-02-13,9.0,C,7.29,18.37,0,6,16.97
2026-09-16,2027-02-13,10.0,C,7.5,16.27,8,110,16.97
2026-09-16,2027-02-13,11.0,C,7.54,14.4,16,155,16.97
2026-09-16,2027-02-13,12.0,C,7.46,12.73,34,216,16.97
2026-09-16,2027-02-13,13.0,C,7.28,11.23,45,151,16.97
2026-09-16,2027-02-13,14.0,C,7.03,9.9,56,102,16.97
2026-09-16,2027-02-13,15.0,C,6.73,8.71,68,168,16.97
2026-09-16,2027-02-13,16.0,C,6.39,7.66,87,287,16.97
2026-09-16,2027-02-13,17.0,C,6.02,6.74,76,178,16.97
2026-09-16,2027-02-13,18.0,C,5.09,6.47,64,193,16.97
2026-09-16,2027-02-13,19.0,C,4.3,6.16,76,170,16.97
2026-09-16,2027-02-13,20.0,C,3.63,5.83,54,181,16.97
2026-09-16,2027-02-13,21.0,C,3.05,5.48,49,93,16.97
2026-09-16,2027-02-13,22.0,C,2.55,5.14,52,195,16.97
2026-09-16,2027-02-13,23.0,C,2.13,4.8,29,77,16.97
2026-09-16,2027-02-13,24.0,C,1.77,4.46,35,110,16.97
2026-09-16,2027-02-13,25.0,C,1.47,4.14,26,42,16.97
2026-09-16,2027-02-13,26.0,C,1.22,3.83,24,111,16.97
2026-09-16,2027-02-13,27.0,C,1.0,3.53,14,26,16.97
2026-09-16,2027-02-13,28.0,C,0.82,3.26,13,89,16.97
2026-09-16,2027-02-13,29.0,C,0.67,3.0,9,10,16.97
2026-09-16,2027-02-13,30.0,C,0.54,2.75,5,85,16.97
2026-09-16,2027-02-13,31.0,C,0.43,2.53,2,83,16.97
2026-09-16,2027-02-13,32.0,C,0.34,2.32,1,73,16.97
2026-09-16,2027-02-13,33.0,C,0.26,2.12,0,0,16.97
2026-09-16,2027-02-13,34.0,C,0.2,1.94,1,36,16.97
2026-09-16,2027-02-13,35.0,C,0.15,1.78,0,51,16.97
2026-09-16,2027-02-13,36.0,C,0.11,1.62,0,77,16.97
2026-09-16,2027-02-13,37.0,C,0.07,1.48,0,0,16.97
2026-09-16,2027-02-13,38.0,C,0.05,1.35,2,0,16.97
2026-09-16,2027-02-13,39.0,C,0.02,1.24,0,0,16.97
2026-09-16,2027-02-13,40.0,C,0.01,1.13,2,117,16.97
2026-09-16,2027-02-13,41.0,C,0.0,1.03,0,0,16.97
2026-09-16,2027-02-13,42.0,C,0.0,0.94,0,3,16.97
2026-09-16,2027-02-13,43.0,C,0.0,0.86,1,0,16.97
2026-09-16,2027-02-13,44.0,C,0.0,0.78,1,0,16.97
2026-09-16,2027-02-13,45.0,C,0.0,0.72,0,0,16.97
2026-09-16,2027-02-13,46.0,C,0.0,0.65,0,115,16.97
2026-09-16,2027-02-13,47.0,C,0.0,0.6,0,0,16.97
2026-09-16,2027-02-13,48.0,C,0.0,0.55,0,41,16.97
2026-09-16,2027-02-13,49.0,C,0.0,0.5,1,63,16.97
2026-09-16,2027-02-13,50.0,C,0.0,0.46,1,0,16.97
2026-09-16,2027-02-13,51.0,C,0.0,0.42,1,0,16.97
2026-09-16,2027-02-13,52.0,C,0.0,0.38,0,113,16.97
2026-09-16,2027-02-13,53.0,C,0.0,0.35,0,71,16.97
2026-09-16,2027-02-13,5.0,P,0.0,0.02,1,0,16.97
2026-09-16,2027-02-13,6.0,P,0.0,0.02,0,0,16.97
2026-09-16,2027-02-13,7.0,P,0.0,0.03,1,0,16.97
2026-09-16,2027-02-13,8.0,P,0.01,0.05,0,0,16.97
2026-09-16,2027-02-13,9.0,P,0.03,0.1,1,0,16.97
2026-09-16,2027-02-13,10.0,P,0.07,0.17,12,17,16.97
2026-09-16,2027-02-13,11.0,P,0.14,0.28,19,60,16.97
2026-09-16,2027-02-13,12.0,P,0.24,0.42,29,86,16.97
2026-09-16,2027-02-13,13.0,P,0.38,0.6,37,0,16.97
2026-09-16,2027-02-13,14.0,P,0.58,0.83,53,189,16.97
2026-09-16,2027-02-13,15.0,P,0.83,1.09,67,208,16.97
2026-09-16,2027-02-13,16.0,P,1.14,1.38,62,264,16.97
2026-09-16,2027-02-13,17.0,P,1.52,1.71,79,267,16.97
2026-09-16,2027-02-13,18.0,P,1.78,2.26,79,157,16.97
2026-09-16,2027-02-13,19.0,P,2.03,2.91,61,155,16.97
2026-09-16,2027-02-13,20.0,P,2.27,3.66,71,231,16.97
2026-09-16,2027-02-13,21.0,P,2.5,4.51,71,188,16.97
2026-09-16,2027-02-13,22.0,P,2.71,5.46,43,135,16.97
2026-09-16,2027-02-13,23.0,P,2.9,6.51,46,175,16.97
2026-09-16,2027-02-13,24.0,P,3.05,7.66,31,26,16.97
2026-09-16,2027-02-13,25.0,P,3.18,8.91,18,170,16.97
2026-09-16,2027-02-13,26.0,P,3.27,10.25,19,122,16.97
2026-09-16,2027-02-13,27.0,P,3.32,11.69,11,155,16.97
2026-09-16,2027-02-13,28.0,P,3.34,13.21,6,0,16.97
2026-09-16,2027-02-13,29.0,P,3.31,14.82,16,1,16.97
2026-09-16,2027-02-13,30.0,P,3.25,16.52,6,23,16.97
2026-09-16,2027-02-13,31.0,P,3.14,18.29,0,95,16.97
2026-09-16,2027-02-13,32.0,P,3.0,20.13,1,0,16.97
2026-09-16,2027-02-13,33.0,P,2.81,22.05,0,0,16.97
2026-09-16,2027-02-13,34.0,P,2.58,24.04,0,91,16.97
2026-09-16,2027-02-13,35.0,P,2.3,26.1,0,107,16.97
2026-09-16,2027-02-13,36.0,P,1.99,28.22,1,0,16.97
2026-09-16,2027-02-13,37.0,P,1.64,30.4,0,29,16.97
2026-09-16,2027-02-13,38.0,P,1.24,32.64,0,0,16.97
2026-09-16,2027-02-13,39.0,P,0.81,34.93,1,0,16.97
2026-09-16,2027-02-13,40.0,P,0.34,37.28,0,0,16.97
2026-09-16,2027-02-13,41.0,P,0.0,39.67,0,43,16.97
2026-09-16,2027-02-13,42.0,P,0.0,42.12,1,87,16.97
2026-09-16,2027-02-13,43.0,P,0.0,44.61,0,0,16.97
2026-09-16,2027-02-13,44.0,P,0.0,47.15,2,63,16.97
2026-09-16,2027-02-13,45.0,P,0.0,49.73,0,0,16.97
2026-09-16,2027-02-13,46.0,P,0.0,52.36,0,22,16.97
2026-09-16,2027-02-13,47.0,P,0.0,55.02,1,12,16.97
2026-09-16,2027-02-13,48.0,P,0.0,57.72,0,88,16.97
2026-09-16,2027-02-13,49.0,P,0.0,60.46,1,0,16.97
2026-09-16,2027-02-13,50.0,P,0.0,63.24,0,0,16.97
2026-09-16,2027-02-13,51.0,P,0.0,66.05,0,0,16.97
2026-09-16,2027-02-13,52.0,P,0.0,68.89,0,0,16.97
2026-09-16,2027-02-13,53.0,P,0.0,71.77,0,19,16.97
